Text,link
,#sidr-main
,https://www.facebook.com/hbkschool/
,https://www.youtube.com/channel/UCU39hPtIV0Yrt0jxgHUqZdQ
Admissions,https://admissions.hbkapadiaschool.com/
In News,https://hbkapadia.com/news-and-updates/
Happenings,https://hbkapadia.com/event-highlights/
Careers,https://hbkapadia.com/career-opportunities/
E-Payment,https://hbkapadia.com/e-payment/
Contact Us,https://hbkapadia.com/contact-us/
,https://hbkapadia.com/
Home,/
About Group,#
ForeFounders,https://hbkapadia.com/forefounders/
journey,https://hbkapadia.com/journey/
Managing Trustee’s Message,https://hbkapadia.com/managing-trustee-message/
Team,https://hbkapadia.com/hbkapadia-team/
Achievements,https://hbkapadia.com/achievements/
Initiatives,https://hbkapadia.com/initiatives/
Campuses,#
Shahibaug,https://hbkapadia.com/shahibaug-campus/
